{
  "AWSTemplateFormatVersion": "2010-09-09",
  "Description": "The AWS CloudFormation template for this Serverless application",
  "Resources": {
    "ServerlessDeploymentBucket": {
      "Type": "AWS::S3::Bucket",
      "Properties": {
        "BucketEncryption": {
          "ServerSideEncryptionConfiguration": [
            {
              "ServerSideEncryptionByDefault": {
                "SSEAlgorithm": "AES256"
              }
            }
          ]
        }
      }
    },
    "ServerlessDeploymentBucketPolicy": {
      "Type": "AWS::S3::BucketPolicy",
      "Properties": {
        "Bucket": {
          "Ref": "ServerlessDeploymentBucket"
        },
        "PolicyDocument": {
          "Statement": [
            {
              "Action": "s3:*",
              "Effect": "Deny",
              "Principal": "*",
              "Resource": [
                {
                  "Fn::Join": [
                    "",
                    [
                      "arn:",
                      {
                        "Ref": "AWS::Partition"
                      },
                      ":s3:::",
                      {
                        "Ref": "ServerlessDeploymentBucket"
                      },
                      "/*"
                    ]
                  ]
                }
              ],
              "Condition": {
                "Bool": {
                  "aws:SecureTransport": false
                }
              }
            }
          ]
        }
      }
    },
    "UploadAvatarImageLogGroup": {
      "Type": "AWS::Logs::LogGroup",
      "Properties": {
        "LogGroupName": "/aws/lambda/uploader-dev-uploadAvatarImage"
      }
    },
    "AuthorizerFuncLogGroup": {
      "Type": "AWS::Logs::LogGroup",
      "Properties": {
        "LogGroupName": "/aws/lambda/uploader-dev-authorizerFunc"
      }
    },
    "UploadAvatarImageLambdaFunction": {
      "Type": "AWS::Lambda::Function",
      "Properties": {
        "Code": {
          "S3Bucket": {
            "Ref": "ServerlessDeploymentBucket"
          },
          "S3Key": "serverless/uploader/dev/1586721853254-2020-04-12T20:04:13.254Z/uploader.zip"
        },
        "FunctionName": "uploader-dev-uploadAvatarImage",
        "Handler": "handler.uploadAvatarImage",
        "MemorySize": 1024,
        "Role": "arn:aws:iam::170048452532:role/serverless",
        "Runtime": "nodejs12.x",
        "Timeout": 6,
        "Environment": {
          "Variables": {
            "DEST_BUCKET": "actiprofs/originals"
          }
        }
      },
      "DependsOn": [
        "UploadAvatarImageLogGroup"
      ]
    },
    "UploadAvatarImageLambdaVersionFp2T14NW3ppW9dxF0EVpp9HQmU0ModJGrbyd7g": {
      "Type": "AWS::Lambda::Version",
      "DeletionPolicy": "Retain",
      "Properties": {
        "FunctionName": {
          "Ref": "UploadAvatarImageLambdaFunction"
        },
        "CodeSha256": "JU1XeyYXp3uD9mURWm5RHDtoNOqDbRWeXL2VJt9nnuc="
      }
    },
    "AuthorizerFuncLambdaFunction": {
      "Type": "AWS::Lambda::Function",
      "Properties": {
        "Code": {
          "S3Bucket": {
            "Ref": "ServerlessDeploymentBucket"
          },
          "S3Key": "serverless/uploader/dev/1586721853254-2020-04-12T20:04:13.254Z/uploader.zip"
        },
        "FunctionName": "uploader-dev-authorizerFunc",
        "Handler": "./authorizer/handler.authorizerFunc",
        "MemorySize": 1024,
        "Role": "arn:aws:iam::170048452532:role/serverless",
        "Runtime": "nodejs12.x",
        "Timeout": 6,
        "Environment": {
          "Variables": {
            "DEST_BUCKET": "actiprofs/originals"
          }
        }
      },
      "DependsOn": [
        "AuthorizerFuncLogGroup"
      ]
    },
    "AuthorizerFuncLambdaVersionXSbcZ7uJBgq0tPfqabCN4KPXHrmN4Sx3TYpCYEBW8": {
      "Type": "AWS::Lambda::Version",
      "DeletionPolicy": "Retain",
      "Properties": {
        "FunctionName": {
          "Ref": "AuthorizerFuncLambdaFunction"
        },
        "CodeSha256": "JU1XeyYXp3uD9mURWm5RHDtoNOqDbRWeXL2VJt9nnuc="
      }
    },
    "ApiGatewayRestApi": {
      "Type": "AWS::ApiGateway::RestApi",
      "Properties": {
        "Name": "dev-uploader",
        "EndpointConfiguration": {
          "Types": [
            "EDGE"
          ]
        },
        "Policy": ""
      }
    },
    "ApiGatewayResourceAvatar": {
      "Type": "AWS::ApiGateway::Resource",
      "Properties": {
        "ParentId": {
          "Fn::GetAtt": [
            "ApiGatewayRestApi",
            "RootResourceId"
          ]
        },
        "PathPart": "avatar",
        "RestApiId": {
          "Ref": "ApiGatewayRestApi"
        }
      }
    },
    "ApiGatewayResourceAvatarOriginal": {
      "Type": "AWS::ApiGateway::Resource",
      "Properties": {
        "ParentId": {
          "Ref": "ApiGatewayResourceAvatar"
        },
        "PathPart": "original",
        "RestApiId": {
          "Ref": "ApiGatewayRestApi"
        }
      }
    },
    "ApiGatewayMethodAvatarOriginalPost": {
      "Type": "AWS::ApiGateway::Method",
      "Properties": {
        "HttpMethod": "POST",
        "RequestParameters": {},
        "ResourceId": {
          "Ref": "ApiGatewayResourceAvatarOriginal"
        },
        "RestApiId": {
          "Ref": "ApiGatewayRestApi"
        },
        "ApiKeyRequired": false,
        "AuthorizationType": "CUSTOM",
        "AuthorizerId": {
          "Ref": "AuthorizerFuncApiGatewayAuthorizer"
        },
        "Integration": {
          "IntegrationHttpMethod": "POST",
          "Type": "AWS_PROXY",
          "Uri": {
            "Fn::Join": [
              "",
              [
                "arn:",
                {
                  "Ref": "AWS::Partition"
                },
                ":apigateway:",
                {
                  "Ref": "AWS::Region"
                },
                ":lambda:path/2015-03-31/functions/",
                {
                  "Fn::GetAtt": [
                    "UploadAvatarImageLambdaFunction",
                    "Arn"
                  ]
                },
                "/invocations"
              ]
            ]
          }
        },
        "MethodResponses": []
      },
      "DependsOn": "AuthorizerFuncApiGatewayAuthorizer"
    },
    "AuthorizerFuncApiGatewayAuthorizer": {
      "Type": "AWS::ApiGateway::Authorizer",
      "Properties": {
        "IdentitySource": "method.request.header.Authorization",
        "Name": "authorizerFunc",
        "RestApiId": {
          "Ref": "ApiGatewayRestApi"
        },
        "AuthorizerUri": {
          "Fn::Join": [
            "",
            [
              "arn:",
              {
                "Ref": "AWS::Partition"
              },
              ":apigateway:",
              {
                "Ref": "AWS::Region"
              },
              ":lambda:path/2015-03-31/functions/",
              {
                "Fn::GetAtt": [
                  "AuthorizerFuncLambdaFunction",
                  "Arn"
                ]
              },
              "/invocations"
            ]
          ]
        },
        "Type": "TOKEN"
      }
    },
    "ApiGatewayDeployment1586721852020": {
      "Type": "AWS::ApiGateway::Deployment",
      "Properties": {
        "RestApiId": {
          "Ref": "ApiGatewayRestApi"
        },
        "StageName": "dev"
      },
      "DependsOn": [
        "ApiGatewayMethodAvatarOriginalPost"
      ]
    },
    "UploadAvatarImageLambdaPermissionApiGateway": {
      "Type": "AWS::Lambda::Permission",
      "Properties": {
        "FunctionName": {
          "Fn::GetAtt": [
            "UploadAvatarImageLambdaFunction",
            "Arn"
          ]
        },
        "Action": "lambda:InvokeFunction",
        "Principal": "apigateway.amazonaws.com",
        "SourceArn": {
          "Fn::Join": [
            "",
            [
              "arn:",
              {
                "Ref": "AWS::Partition"
              },
              ":execute-api:",
              {
                "Ref": "AWS::Region"
              },
              ":",
              {
                "Ref": "AWS::AccountId"
              },
              ":",
              {
                "Ref": "ApiGatewayRestApi"
              },
              "/*/*"
            ]
          ]
        }
      }
    },
    "AuthorizerFuncLambdaPermissionApiGateway": {
      "Type": "AWS::Lambda::Permission",
      "Properties": {
        "FunctionName": {
          "Fn::GetAtt": [
            "AuthorizerFuncLambdaFunction",
            "Arn"
          ]
        },
        "Action": "lambda:InvokeFunction",
        "Principal": "apigateway.amazonaws.com",
        "SourceArn": {
          "Fn::Join": [
            "",
            [
              "arn:",
              {
                "Ref": "AWS::Partition"
              },
              ":execute-api:",
              {
                "Ref": "AWS::Region"
              },
              ":",
              {
                "Ref": "AWS::AccountId"
              },
              ":",
              {
                "Ref": "ApiGatewayRestApi"
              },
              "/*/*"
            ]
          ]
        }
      }
    }
  },
  "Outputs": {
    "ServerlessDeploymentBucketName": {
      "Value": {
        "Ref": "ServerlessDeploymentBucket"
      }
    },
    "UploadAvatarImageLambdaFunctionQualifiedArn": {
      "Description": "Current Lambda function version",
      "Value": {
        "Ref": "UploadAvatarImageLambdaVersionFp2T14NW3ppW9dxF0EVpp9HQmU0ModJGrbyd7g"
      }
    },
    "AuthorizerFuncLambdaFunctionQualifiedArn": {
      "Description": "Current Lambda function version",
      "Value": {
        "Ref": "AuthorizerFuncLambdaVersionXSbcZ7uJBgq0tPfqabCN4KPXHrmN4Sx3TYpCYEBW8"
      }
    },
    "ServiceEndpoint": {
      "Description": "URL of the service endpoint",
      "Value": {
        "Fn::Join": [
          "",
          [
            "https://",
            {
              "Ref": "ApiGatewayRestApi"
            },
            ".execute-api.",
            {
              "Ref": "AWS::Region"
            },
            ".",
            {
              "Ref": "AWS::URLSuffix"
            },
            "/dev"
          ]
        ]
      }
    }
  }
}